timestamp,host,cpu_util,throughput_rps,power_watts,efficiency_score
1773178477.2200909,h2,3.06,0.00,4.25,0.2352
1773178477.7212403,h2,3.18,0.00,4.25,0.2352
1773178478.222298,h2,3.18,0.00,4.75,0.2104
1773178478.7233474,h2,3.06,0.00,4.75,0.2104
1773178479.224389,h2,3.18,0.00,4.25,0.2352
1773178479.7254548,h2,3.12,0.00,4.25,0.2352
1773178480.2264764,h2,3.12,0.00,4.25,0.2352
1773178480.7274861,h2,3.18,0.00,4.25,0.2352
1773178481.2285135,h2,3.12,0.00,4.25,0.2352
1773178481.7295544,h2,3.18,0.00,4.25,0.2352
1773178482.2305853,h2,3.12,0.00,4.25,0.2352
1773178482.73162,h2,3.12,0.00,4.25,0.2352
1773178483.232639,h2,3.12,0.00,4.25,0.2352
1773178483.7336545,h2,3.12,0.00,4.75,0.2104
1773178484.2346792,h2,3.12,0.00,4.75,0.2104
1773178484.7357273,h2,3.12,0.00,4.75,0.2104
1773178485.2367637,h2,3.12,0.00,4.25,0.2352
1773178485.737795,h2,3.18,0.00,4.25,0.2352
1773178486.238809,h2,3.06,0.00,4.25,0.2352
1773178486.739841,h2,3.18,0.00,4.25,0.2352
1773178487.240874,h2,3.19,0.00,5.41,0.1847
1773178487.7419267,h2,3.30,0.00,4.75,0.2104
1773178488.2429602,h2,3.18,0.00,4.25,0.2352
1773178488.7439864,h2,3.06,0.00,4.25,0.2352
1773178489.24503,h2,3.18,0.00,4.75,0.2104
1773178489.7461312,h2,3.18,0.00,4.25,0.2352
1773178490.247168,h2,3.06,0.00,4.25,0.2352
1773178490.7481868,h2,3.18,0.00,4.25,0.2352
1773178491.2492075,h2,3.12,0.00,4.92,0.2033
1773178491.7502403,h2,3.12,0.00,4.75,0.2104
1773178492.2512684,h2,3.18,0.00,4.25,0.2352
1773178492.7523105,h2,3.12,0.00,4.25,0.2352
1773178493.253348,h2,3.18,0.00,4.25,0.2352
1773178493.754383,h2,3.18,0.00,4.25,0.2352
1773178494.2553897,h2,3.12,0.00,4.25,0.2352
1773178494.756417,h2,3.12,0.00,4.25,0.2352
1773178495.2574568,h2,3.18,0.00,4.25,0.2352
1773178495.758499,h2,3.12,0.00,4.25,0.2352
1773178496.2595227,h2,3.06,0.00,4.25,0.2352
1773178496.760547,h2,3.18,0.00,4.25,0.2352
1773178497.261593,h2,3.12,0.00,4.25,0.2352
1773178497.7626138,h2,3.18,0.00,4.25,0.2352
1773178498.2636409,h2,3.12,0.00,4.25,0.2352
1773178498.764686,h2,3.12,0.00,4.25,0.2352
1773178499.2657216,h2,3.18,0.00,4.25,0.2352
1773178499.766784,h2,3.12,0.00,4.25,0.2352
1773178500.2678087,h2,3.12,0.00,4.75,0.2104
1773178500.7688413,h2,3.12,0.00,4.25,0.2352
1773178501.2698724,h2,3.18,0.00,4.25,0.2352
1773178501.7708948,h2,3.12,0.00,4.25,0.2352
1773178502.2719553,h2,3.12,0.00,4.75,0.2104
1773178502.7729902,h2,3.06,0.00,4.25,0.2352
1773178503.2740364,h2,3.24,0.00,4.25,0.2352
1773178503.775058,h2,3.18,0.00,4.25,0.2352
1773178504.2760973,h2,3.06,0.00,4.25,0.2352
1773178504.7771554,h2,3.25,0.00,4.25,0.2352
1773178505.2781987,h2,3.12,0.00,4.25,0.2352
1773178505.7792215,h2,3.12,0.00,4.25,0.2352
1773178506.2802436,h2,3.18,0.00,4.25,0.2352
1773178506.781271,h2,3.12,0.00,5.41,0.1847
1773178507.2823107,h2,3.18,0.00,4.25,0.2352
1773178507.7833345,h2,3.18,0.00,4.75,0.2104
1773178508.2843673,h2,3.12,0.00,4.75,0.2104
1773178508.7853954,h2,3.18,0.00,4.75,0.2104
1773178509.286408,h2,3.18,0.00,4.25,0.2352
1773178509.7874928,h2,3.12,0.00,4.25,0.2352
1773178510.288525,h2,3.06,0.00,4.25,0.2352
1773178510.7895546,h2,3.18,0.00,4.75,0.2104
1773178511.2905984,h2,3.18,0.00,4.75,0.2104
1773178511.791656,h2,3.12,0.00,4.75,0.2104
1773178512.2926843,h2,3.06,0.00,4.25,0.2352
1773178512.7937295,h2,3.18,0.00,4.25,0.2352
1773178513.2947752,h2,3.12,0.00,4.25,0.2352
1773178513.7957995,h2,3.12,0.00,4.25,0.2352
1773178514.2968204,h2,3.12,0.00,4.25,0.2352
1773178514.7973723,h2,3.19,0.00,4.75,0.2104
1773178515.2984324,h2,3.12,0.00,4.25,0.2352
1773178515.7994614,h2,3.12,0.00,4.75,0.2104
1773178516.3004875,h2,3.12,0.00,4.25,0.2352
1773178516.8015075,h2,3.18,0.00,4.25,0.2352
1773178517.3025463,h2,3.12,0.00,4.75,0.2104
1773178517.80357,h2,3.12,0.00,4.75,0.2104
1773178518.3045943,h2,3.18,0.00,4.25,0.2352
1773178518.805634,h2,3.12,0.00,4.25,0.2352
1773178519.3066614,h2,3.30,0.00,5.42,0.1845
1773178519.807735,h2,3.24,0.00,4.75,0.2104
1773178520.3087492,h2,3.12,0.00,4.25,0.2352
1773178520.8097892,h2,3.18,0.00,4.25,0.2352
1773178521.310826,h2,3.06,0.00,4.75,0.2104
1773178521.8118532,h2,3.24,0.00,4.25,0.2352
1773178522.3128836,h2,3.12,0.00,4.92,0.2033
1773178522.8139777,h2,3.18,0.00,4.25,0.2352
1773178523.315,h2,3.12,0.00,4.25,0.2352
1773178523.8160205,h2,3.12,0.00,4.75,0.2104
1773178524.3170457,h2,3.18,0.00,4.25,0.2352
1773178524.8181267,h2,0.56,0.00,4.75,0.2104
1773178525.319292,h2,0.00,0.00,4.25,0.2352
1773178525.8203158,h2,0.00,0.00,4.25,0.2352
1773178526.3215966,h2,0.00,0.00,4.25,0.2352
1773178526.8226647,h2,0.00,0.00,4.25,0.2352
1773178527.323846,h2,0.00,0.00,4.25,0.2352
1773178527.8249164,h2,0.00,0.00,4.75,0.2104
1773178528.3260133,h2,0.00,0.00,4.75,0.2104
1773178528.8270717,h2,0.00,0.00,4.75,0.2104
1773178529.3281896,h2,0.06,0.00,4.25,0.2352
1773178529.8292928,h2,0.06,0.00,4.25,0.2352
1773178530.330369,h2,0.00,0.00,4.25,0.2352
1773178530.8315659,h2,0.00,0.00,4.25,0.2352
1773178531.3328106,h2,0.00,0.00,4.25,0.2352
1773178531.833874,h2,0.06,0.00,4.25,0.2352
1773178532.334961,h2,0.00,0.00,4.25,0.2352
1773178532.8361413,h2,0.00,0.00,4.25,0.2352
1773178533.3372126,h2,0.00,0.00,4.25,0.2352
1773178533.8383083,h2,0.00,0.00,4.75,0.2104
1773178534.3394935,h2,0.00,0.00,4.25,0.2352
1773178534.8405573,h2,0.00,0.00,4.25,0.2352
1773178535.3416338,h2,0.00,0.00,4.25,0.2352
1773178535.842693,h2,0.00,0.00,4.25,0.2352
1773178536.3440635,h2,0.00,0.00,4.25,0.2352
1773178536.8451288,h2,0.00,0.00,4.75,0.2104
1773178537.3462121,h2,0.00,0.00,4.25,0.2352
1773178537.8472655,h2,0.00,0.00,4.25,0.2352
1773178538.34845,h2,0.00,0.00,4.25,0.2352
1773178538.8495529,h2,0.00,0.00,4.75,0.2104
1773178539.3506732,h2,0.00,0.00,4.25,0.2352
1773178539.8517287,h2,0.00,0.00,4.25,0.2352
1773178540.352906,h2,0.00,0.00,4.25,0.2352
1773178540.8540018,h2,0.06,0.00,4.75,0.2104
1773178541.3552775,h2,0.00,0.00,4.75,0.2104
1773178541.856473,h2,0.00,0.00,4.25,0.2352
1773178542.357537,h2,0.00,0.00,4.25,0.2352
1773178542.8586009,h2,0.00,0.00,4.75,0.2104
1773178543.3596613,h2,0.00,0.00,4.25,0.2352
1773178543.8607335,h2,0.00,0.00,4.25,0.2352
1773178544.361805,h2,0.06,0.00,4.25,0.2352
1773178544.8628654,h2,0.00,0.00,4.25,0.2352
1773178545.3639505,h2,0.00,0.00,4.25,0.2352
1773178545.8651297,h2,0.00,0.00,4.25,0.2352
1773178546.3664186,h2,0.06,0.00,4.25,0.2352
1773178546.867493,h2,0.00,0.00,4.25,0.2352
1773178547.368675,h2,0.00,0.00,4.25,0.2352
1773178547.8697548,h2,0.00,0.00,4.25,0.2352
1773178548.3708205,h2,0.00,0.00,4.25,0.2352
1773178548.872,h2,0.00,0.00,4.25,0.2352
1773178549.3731897,h2,0.00,0.00,4.75,0.2104
1773178549.8743212,h2,0.06,0.00,4.75,0.2104
1773178550.3754234,h2,0.00,0.00,4.75,0.2104
1773178550.8765984,h2,0.00,0.00,4.25,0.2352
1773178551.3778386,h2,0.00,0.00,4.25,0.2352
1773178551.8788984,h2,0.00,0.00,4.25,0.2352
1773178552.379966,h2,0.00,0.00,4.25,0.2352
1773178552.8810272,h2,0.00,0.00,4.25,0.2352
1773178553.3821125,h2,0.06,0.00,4.75,0.2104
1773178553.8831859,h2,0.00,0.00,4.75,0.2104
1773178554.3843868,h2,0.00,0.00,4.25,0.2352
1773178554.8854609,h2,0.00,0.00,4.25,0.2352
1773178555.386533,h2,0.00,0.00,4.25,0.2352
1773178555.8876057,h2,0.00,0.00,4.75,0.2104
1773178556.3888543,h2,0.00,0.00,4.25,0.2352
1773178556.889966,h2,0.00,0.00,4.75,0.2104
1773178557.39104,h2,0.00,0.00,4.25,0.2352
1773178557.8921883,h2,0.00,0.00,4.25,0.2352
1773178558.393257,h2,0.00,0.00,4.25,0.2352
1773178558.8943744,h2,0.06,0.00,4.25,0.2352
1773178559.3956,h2,0.00,0.00,4.25,0.2352
1773178559.896668,h2,0.00,0.00,4.25,0.2352
1773178560.3977423,h2,0.00,0.00,4.25,0.2352
1773178560.8987956,h2,0.00,0.00,4.25,0.2352
1773178561.4001708,h2,0.00,0.00,4.75,0.2104
1773178561.9012382,h2,0.06,0.00,4.75,0.2104
1773178562.4023218,h2,0.00,0.00,4.25,0.2352
1773178562.9035087,h2,0.00,0.00,4.25,0.2352
1773178563.404702,h2,0.00,0.00,4.25,0.2352
1773178563.9057808,h2,0.06,0.00,4.25,0.2352
1773178564.4068675,h2,0.06,0.00,4.25,0.2352
1773178564.9080443,h2,0.00,0.00,4.25,0.2352
1773178565.4091187,h2,0.00,0.00,4.25,0.2352
1773178565.9101944,h2,0.00,0.00,4.25,0.2352
1773178566.4115527,h2,0.00,0.00,4.25,0.2352
1773178566.9126158,h2,0.00,0.00,4.25,0.2352
1773178567.413691,h2,0.00,0.00,4.25,0.2352
1773178567.9147892,h2,0.00,0.00,4.25,0.2352
1773178568.4160075,h2,0.00,0.00,4.25,0.2352
1773178568.917076,h2,0.00,0.00,4.25,0.2352
1773178569.4182038,h2,0.06,0.00,4.75,0.2104
1773178569.9192684,h2,0.00,0.00,4.25,0.2352
1773178570.420335,h2,0.00,0.00,4.25,0.2352
1773178570.921407,h2,0.00,0.00,4.25,0.2352
1773178571.4226627,h2,0.00,0.00,4.25,0.2352
1773178571.923842,h2,0.00,0.00,4.25,0.2352
1773178572.4249055,h2,0.00,0.00,4.25,0.2352
1773178572.9259932,h2,0.00,0.00,4.25,0.2352
1773178573.4270673,h2,0.00,0.00,4.25,0.2352
1773178573.928252,h2,0.06,0.00,4.25,0.2352
1773178574.4293153,h2,0.00,0.00,4.25,0.2352
1773178574.9303994,h2,0.00,0.00,4.75,0.2104
1773178575.431479,h2,0.00,0.00,4.75,0.2104
1773178575.93267,h2,0.00,0.00,4.25,0.2352
1773178576.4337342,h2,0.00,0.00,4.75,0.2104
1773178576.934821,h2,0.00,0.00,4.25,0.2352
1773178577.4359944,h2,0.00,0.00,4.25,0.2352
1773178577.9370682,h2,0.00,0.00,4.25,0.2352
1773178578.4381492,h2,0.06,0.00,4.25,0.2352
1773178578.9392157,h2,0.06,0.00,4.75,0.2104
1773178579.440329,h2,0.50,0.00,4.25,0.2352
1773178579.9414024,h2,2.80,0.00,5.67,0.1763
1773178580.4427977,h2,8.43,0.00,6.34,0.1578
1773178580.944101,h2,7.58,0.00,4.75,0.2104
1773178581.4453971,h2,8.44,0.00,5.00,0.1999
1773178581.9468095,h2,8.65,0.00,4.75,0.2104
1773178582.4482412,h2,8.56,0.00,5.67,0.1764
1773178582.9496484,h2,8.10,0.00,4.75,0.2104
1773178583.4510694,h2,7.05,0.00,5.00,0.1999
1773178583.9524827,h2,7.67,0.00,5.00,0.1999
1773178584.453938,h2,7.91,0.00,4.75,0.2104
1773178584.955375,h2,8.75,0.00,5.67,0.1763
1773178585.4568233,h2,7.86,0.00,6.35,0.1576
1773178585.958262,h2,7.80,0.00,5.00,0.1999
1773178586.459452,h2,6.48,0.00,4.75,0.2104
1773178586.960553,h2,7.30,0.00,4.75,0.2104
1773178587.4620216,h2,7.55,0.00,5.00,0.1999
1773178587.9635236,h2,7.18,0.00,6.35,0.1576
1773178588.465002,h2,7.55,0.00,6.09,0.1641
1773178588.9664347,h2,8.33,0.00,5.00,0.1999
1773178589.467858,h2,7.98,0.00,4.75,0.2104
1773178589.96923,h2,11.88,0.00,8.86,0.1129
1773178590.4704485,h2,19.70,0.00,9.77,0.1024
1773178590.971822,h2,20.04,0.00,8.40,0.1190
1773178591.4731233,h2,20.15,0.00,10.47,0.0955
1773178591.9745028,h2,20.24,0.00,10.47,0.0955
1773178592.4757435,h2,19.69,0.00,9.05,0.1104
1773178592.9771686,h2,20.05,0.00,8.40,0.1190
1773178593.478455,h2,19.88,0.00,9.08,0.1101
1773178593.9796755,h2,20.20,0.00,11.15,0.0897
1773178594.481026,h2,20.07,0.00,11.15,0.0897
1773178594.9823725,h2,21.31,0.00,11.15,0.0897
1773178595.4834933,h2,19.74,0.00,9.08,0.1101
1773178595.9847882,h2,20.17,0.00,8.84,0.1131
1773178596.4862344,h2,20.94,0.00,9.79,0.1021
1773178596.9876242,h2,20.45,0.00,8.40,0.1190
1773178597.4890602,h2,20.15,0.00,9.76,0.1024
1773178597.9905622,h2,19.60,0.00,11.15,0.0897
1773178598.4919934,h2,20.82,0.00,10.47,0.0955
1773178598.9933963,h2,20.27,0.00,9.11,0.1097
1773178599.4949653,h2,20.84,0.00,9.76,0.1024
1773178599.9964118,h2,20.42,0.00,16.42,0.0609
1773178600.4973595,h2,30.36,0.00,14.38,0.0695
1773178600.9986634,h2,28.94,0.00,13.19,0.0758
1773178601.5000234,h2,28.75,0.00,13.74,0.0728
1773178602.0012937,h2,29.29,0.00,12.51,0.0799
1773178602.5025105,h2,28.18,0.00,13.92,0.0719
1773178603.0039797,h2,26.87,0.00,13.19,0.0758
1773178603.5051146,h2,29.43,0.00,14.60,0.0685
1773178604.006234,h2,29.11,0.00,13.23,0.0756
1773178604.5074651,h2,29.25,0.00,11.83,0.0845
1773178605.0086966,h2,28.28,0.00,12.55,0.0797
1773178605.5098536,h2,27.45,0.00,13.23,0.0756
1773178606.0111566,h2,27.59,0.00,13.19,0.0758
1773178606.512307,h2,29.20,0.00,13.19,0.0758
1773178607.013678,h2,30.85,0.00,15.11,0.0662
1773178607.5150785,h2,28.78,0.00,13.19,0.0758
1773178608.0164979,h2,29.09,0.00,12.51,0.0799
1773178608.5178885,h2,29.02,0.00,11.18,0.0894
1773178609.0190878,h2,27.81,0.00,13.92,0.0719
1773178609.5202222,h2,28.06,0.00,15.11,0.0662
1773178610.0213602,h2,25.32,0.00,13.92,0.0719
1773178610.5225327,h2,38.71,0.00,16.42,0.0609
1773178611.0239236,h2,39.48,0.00,14.33,0.0698
1773178611.5252182,h2,39.48,0.00,15.74,0.0635
1773178612.0264583,h2,38.84,0.00,17.10,0.0585
1773178612.527641,h2,38.34,0.00,15.28,0.0654
1773178613.0288448,h2,37.82,0.00,15.79,0.0633
1773178613.5300288,h2,38.43,0.00,15.06,0.0664
1773178614.0312445,h2,38.73,0.00,16.42,0.0609
1773178614.5321608,h2,39.14,0.00,16.42,0.0609
1773178615.0333183,h2,39.40,0.00,15.74,0.0635
1773178615.5344348,h2,39.39,0.00,15.06,0.0664
1773178616.0356407,h2,40.01,0.00,17.10,0.0585
1773178616.536897,h2,40.56,0.00,19.82,0.0504
1773178617.038044,h2,39.90,0.00,16.42,0.0609
1773178617.539429,h2,40.63,0.00,14.60,0.0685
1773178618.0408323,h2,38.30,0.00,16.42,0.0609
1773178618.542256,h2,38.73,0.00,14.38,0.0695
1773178619.0436587,h2,39.52,0.00,17.10,0.0585
1773178619.5448737,h2,39.74,0.00,16.42,0.0609
1773178620.0463538,h2,31.18,0.00,4.75,0.2104
1773178620.547782,h2,45.83,0.00,18.46,0.0542
1773178621.0489373,h2,51.12,0.00,19.14,0.0522
1773178621.5503042,h2,49.04,0.00,16.48,0.0607
1773178622.0514605,h2,47.46,0.00,17.78,0.0562
1773178622.5528278,h2,51.93,0.00,20.76,0.0482
1773178623.0541284,h2,51.24,0.00,18.53,0.0540
1773178623.5553346,h2,51.13,0.00,15.97,0.0626
1773178624.056541,h2,49.66,0.00,17.78,0.0562
1773178624.5576918,h2,49.69,0.00,16.42,0.0609
1773178625.058907,h2,52.38,0.00,18.46,0.0542
1773178625.5601044,h2,52.46,0.00,19.14,0.0522
1773178626.0614731,h2,49.01,0.00,19.14,0.0522
1773178626.562667,h2,49.07,0.00,16.42,0.0609
1773178627.0638566,h2,50.53,0.00,18.53,0.0540
1773178627.5650272,h2,49.34,0.00,19.14,0.0522
1773178628.0662787,h2,53.91,0.00,17.10,0.0585
1773178628.5674322,h2,50.09,0.00,17.78,0.0562
1773178629.068556,h2,52.19,0.00,21.27,0.0470
1773178629.5693653,h2,50.96,0.00,17.78,0.0562
1773178630.0705345,h2,52.75,0.00,19.82,0.0504
1773178630.5716882,h2,40.17,0.00,19.14,0.0522
1773178631.0728168,h2,65.73,0.00,21.44,0.0466
1773178631.5742054,h2,63.54,0.00,20.58,0.0486
1773178632.0754218,h2,60.38,0.00,21.27,0.0470
1773178632.5766149,h2,63.23,0.00,21.18,0.0472
1773178633.0773573,h2,61.38,0.00,18.46,0.0542
1773178633.578484,h2,62.51,0.00,22.89,0.0437
1773178634.079715,h2,66.19,0.00,17.10,0.0585
1773178634.5808437,h2,63.02,0.00,20.58,0.0486
1773178635.0820823,h2,63.25,0.00,19.90,0.0503
1773178635.583333,h2,62.76,0.00,18.46,0.0542
1773178636.0845456,h2,66.00,0.00,19.82,0.0504
1773178636.585368,h2,61.42,0.00,19.21,0.0520
1773178637.0865908,h2,64.40,0.00,20.50,0.0488
1773178637.5877495,h2,61.90,0.00,19.82,0.0504
1773178638.0893593,h2,63.99,0.00,22.63,0.0442
1773178638.5904837,h2,64.55,0.00,19.14,0.0522
1773178639.0917418,h2,65.08,0.00,20.50,0.0488
1773178639.5931053,h2,64.10,0.00,19.90,0.0503
1773178640.0942671,h2,64.15,0.00,20.50,0.0488
1773178640.5955112,h2,38.31,0.00,21.86,0.0457
1773178641.096726,h2,78.27,0.00,21.95,0.0456
1773178641.5978837,h2,75.82,0.00,20.08,0.0498
1773178642.0991037,h2,77.76,0.00,22.21,0.0450
1773178642.6003468,h2,75.11,0.00,21.18,0.0472
1773178643.1013727,h2,75.05,0.00,23.90,0.0418
1773178643.6027231,h2,78.20,0.00,20.84,0.0480
1773178644.1039424,h2,77.12,0.00,19.21,0.0520
1773178644.6051462,h2,75.38,0.00,22.63,0.0442
1773178645.1063309,h2,78.34,0.00,21.27,0.0470
1773178645.6075675,h2,75.47,0.00,22.21,0.0450
1773178646.108822,h2,76.29,0.00,19.90,0.0503
1773178646.6099825,h2,74.83,0.00,21.95,0.0456
1773178647.1111083,h2,79.93,0.00,22.89,0.0437
1773178647.612332,h2,76.33,0.00,23.57,0.0424
1773178648.113361,h2,79.26,0.00,21.18,0.0472
1773178648.6145635,h2,78.51,0.00,22.21,0.0450
1773178649.115817,h2,75.17,0.00,23.57,0.0424
1773178649.6170774,h2,78.47,0.00,21.27,0.0470
1773178650.118311,h2,73.01,0.00,21.86,0.0457
1773178650.619763,h2,55.01,0.00,5.44,0.1840
1773178651.1209657,h2,68.75,0.00,21.95,0.0456
1773178651.6223326,h2,86.93,0.00,22.80,0.0439
1773178652.1235607,h2,89.13,0.00,23.57,0.0424
1773178652.6248949,h2,87.03,0.00,22.21,0.0450
1773178653.1262383,h2,88.73,0.00,24.16,0.0414
1773178653.6274843,h2,89.62,0.00,24.26,0.0412
1773178654.1286995,h2,86.22,0.00,23.57,0.0424
1773178654.6300352,h2,85.96,0.00,23.57,0.0424
1773178655.1313918,h2,91.54,0.00,25.52,0.0392
1773178655.632651,h2,90.57,0.00,25.52,0.0392
1773178656.1339183,h2,91.68,0.00,22.89,0.0437
1773178656.6352706,h2,88.74,0.00,22.80,0.0439
1773178657.1366453,h2,89.05,0.00,23.57,0.0424
1773178657.6379983,h2,86.77,0.00,23.57,0.0424
1773178658.1393373,h2,87.82,0.00,25.26,0.0396
1773178658.6406946,h2,84.85,0.00,21.44,0.0466
1773178659.1420743,h2,88.23,0.00,24.16,0.0414
1773178659.6434057,h2,88.33,0.00,23.22,0.0431
1773178660.1448195,h2,86.84,0.00,24.16,0.0414
1773178660.6460986,h2,90.23,0.00,24.26,0.0412
1773178661.1473303,h2,41.35,0.00,24.00,0.0417
1773178661.648568,h2,93.98,0.00,24.58,0.0407
1773178662.149362,h2,92.40,0.00,24.58,0.0407
1773178662.650583,h2,95.09,0.00,21.95,0.0456
1773178663.1518896,h2,94.53,0.00,23.32,0.0429
1773178663.6531506,h2,95.31,0.00,25.26,0.0396
1773178664.154487,h2,94.37,0.00,26.62,0.0376
1773178664.6556818,h2,95.67,0.00,25.26,0.0396
1773178665.1569214,h2,94.56,0.00,23.22,0.0431
1773178665.6581724,h2,93.17,0.00,21.27,0.0470
1773178666.1593976,h2,95.35,0.00,27.98,0.0357
1773178666.6606133,h2,94.65,0.00,23.90,0.0418
1773178667.161371,h2,95.46,0.00,23.90,0.0418
1773178667.6625931,h2,95.99,0.00,22.54,0.0444
1773178668.1638083,h2,92.60,0.00,24.16,0.0414
1773178668.6650383,h2,94.41,0.00,24.58,0.0407
1773178669.1663563,h2,95.03,0.00,24.00,0.0417
1773178669.6675951,h2,96.17,0.00,25.14,0.0398
1773178670.168816,h2,95.12,0.00,23.90,0.0418
1773178670.6701229,h2,94.48,0.00,25.26,0.0396
1773178671.1713443,h2,63.09,0.00,4.75,0.2104
1773178671.672704,h2,70.03,0.00,23.32,0.0429
1773178672.174093,h2,99.81,0.00,25.94,0.0385
1773178672.6753252,h2,99.94,0.00,25.52,0.0392
1773178673.176657,h2,99.94,0.00,26.62,0.0376
1773178673.6778967,h2,100.00,0.00,28.92,0.0346
1773178674.1791327,h2,99.94,0.00,25.26,0.0396
1773178674.6804016,h2,100.00,0.00,26.62,0.0376
1773178675.1813657,h2,99.63,0.00,24.58,0.0407
1773178675.6825933,h2,100.00,0.00,25.14,0.0398
1773178676.1838677,h2,100.00,0.00,25.26,0.0396
1773178676.685105,h2,100.00,0.00,23.90,0.0418
1773178677.1863217,h2,100.00,0.00,26.62,0.0376
1773178677.6875837,h2,100.00,0.00,26.62,0.0376
1773178678.188805,h2,100.00,0.00,25.26,0.0396
1773178678.6900122,h2,99.94,0.00,26.20,0.0382
1773178679.1912868,h2,100.00,0.00,25.94,0.0385
1773178679.6925113,h2,99.94,0.00,24.16,0.0414
1773178680.1933694,h2,99.94,0.00,25.94,0.0385
1773178680.6946108,h2,99.88,0.00,26.20,0.0382
1773178681.1958506,h2,99.94,0.00,25.94,0.0385
1773178681.6971138,h2,32.55,0.00,4.75,0.2104
1773178682.1985836,h2,0.00,0.00,4.75,0.2104
1773178682.699798,h2,0.00,0.00,4.25,0.2352
1773178683.2009718,h2,0.00,0.00,4.75,0.2104
1773178683.7020502,h2,0.06,0.00,4.25,0.2352
1773178684.203107,h2,0.00,0.00,4.75,0.2104
1773178684.7042692,h2,0.00,0.00,4.25,0.2352
1773178685.2053585,h2,0.06,0.00,4.75,0.2104
1773178685.7064273,h2,0.00,0.00,4.25,0.2352
1773178686.207599,h2,0.00,0.00,4.25,0.2352
1773178686.7087743,h2,0.06,0.00,4.25,0.2352
1773178687.2098665,h2,0.00,0.00,4.75,0.2104
1773178687.7109332,h2,0.19,0.00,4.75,0.2104
1773178688.2120059,h2,0.00,0.00,4.75,0.2104
1773178688.713175,h2,0.00,0.00,4.75,0.2104
1773178689.214253,h2,0.12,0.00,4.75,0.2104
1773178689.7153568,h2,0.00,0.00,4.75,0.2104
